ymw,bestseller_week,category,viral_index,viral_index_smoothed,article_count,start_date,end_date
2025012,2025.01.08 ~ 2025.01.14,부동산/실물자산,5.970913074196343,5.970913074196343,566,2025-01-08,2025-01-14
2025012,2025.01.08 ~ 2025.01.14,기업경영/리더십,6.0,6.0,1007,2025-01-08,2025-01-14
2025012,2025.01.08 ~ 2025.01.14,주식투자/트레이딩,3.969870681968608,3.969870681968608,593,2025-01-08,2025-01-14
2025012,2025.01.08 ~ 2025.01.14,테크/스타트업,5.690823353683564,5.690823353683564,518,2025-01-08,2025-01-14
2025012,2025.01.08 ~ 2025.01.14,재테크/개인금융,4.28535152858737,4.28535152858737,53,2025-01-08,2025-01-14
2025012,2025.01.08 ~ 2025.01.14,거시경제/금융정책,6.0,6.0,286,2025-01-08,2025-01-14
2025012,2025.01.08 ~ 2025.01.14,지정학/국제정세,2.329678622485026,2.329678622485026,191,2025-01-08,2025-01-14
2025012,2025.01.08 ~ 2025.01.14,경제이론/학술,5.500532541114101,5.500532541114101,56,2025-01-08,2025-01-14
2025012,2025.01.08 ~ 2025.01.14,미분류,5.962935406852754,5.962935406852754,140,2025-01-08,2025-01-14
2025012,2025.01.08 ~ 2025.01.14,금융시스템/위기,3.6003488818429794,3.6003488818429794,12,2025-01-08,2025-01-14
2025012,2025.01.08 ~ 2025.01.14,투자철학/대가,1.1099134726227036,1.1099134726227036,16,2025-01-08,2025-01-14
2025013,2025.01.15 ~ 2025.01.21,부동산/실물자산,-50.57102189192367,-22.300054408863666,166,2025-01-15,2025-01-21
2025013,2025.01.15 ~ 2025.01.21,기업경영/리더십,-58.56115513674885,-26.280577568374426,209,2025-01-15,2025-01-21
2025013,2025.01.15 ~ 2025.01.21,주식투자/트레이딩,-42.22627378006087,-19.128201549046132,232,2025-01-15,2025-01-21
2025013,2025.01.15 ~ 2025.01.21,테크/스타트업,-56.86983447722183,-25.589505561769133,119,2025-01-15,2025-01-21
2025013,2025.01.15 ~ 2025.01.21,재테크/개인금융,-63.82406992528753,-29.76935919835008,8,2025-01-15,2025-01-21
2025013,2025.01.15 ~ 2025.01.21,거시경제/금융정책,-45.08062967410301,-19.540314837051504,98,2025-01-15,2025-01-21
2025013,2025.01.15 ~ 2025.01.21,지정학/국제정세,-42.18276738144175,-19.92654437947836,75,2025-01-15,2025-01-21
2025013,2025.01.15 ~ 2025.01.21,경제이론/학술,-51.81590634653282,-23.157686902709358,15,2025-01-15,2025-01-21
2025013,2025.01.15 ~ 2025.01.21,미분류,-36.604990981907115,-15.32102778752718,62,2025-01-15,2025-01-21
2025013,2025.01.15 ~ 2025.01.21,금융시스템/위기,-42.685082572771286,-19.54236684546415,4,2025-01-15,2025-01-21
2025013,2025.01.15 ~ 2025.01.21,투자철학/대가,-46.58029710178741,-22.735191814582354,5,2025-01-15,2025-01-21
2025014,2025.01.22 ~ 2025.01.28,부동산/실물자산,-27.127252700418342,-38.84913729617101,142,2025-01-22,2025-01-28
2025014,2025.01.22 ~ 2025.01.28,기업경영/리더십,-32.63061682399535,-45.5958859803721,174,2025-01-22,2025-01-28
2025014,2025.01.22 ~ 2025.01.28,주식투자/트레이딩,-34.71596088327871,-38.47111733166979,158,2025-01-22,2025-01-28
2025014,2025.01.22 ~ 2025.01.28,테크/스타트업,-17.35119912355852,-37.11051680039017,129,2025-01-22,2025-01-28
2025014,2025.01.22 ~ 2025.01.28,재테크/개인금융,-20.89862608838399,-42.36134800683576,9,2025-01-22,2025-01-28
2025014,2025.01.22 ~ 2025.01.28,거시경제/금융정책,-37.13090366690906,-41.105766670506036,64,2025-01-22,2025-01-28
2025014,2025.01.22 ~ 2025.01.28,지정학/국제정세,-40.57642964809573,-41.379598514768745,44,2025-01-22,2025-01-28
2025014,2025.01.22 ~ 2025.01.28,경제이론/학술,-22.771939975413012,-37.293923160972916,14,2025-01-22,2025-01-28
2025014,2025.01.22 ~ 2025.01.28,미분류,-44.63983141486015,-40.62241119838363,31,2025-01-22,2025-01-28
2025014,2025.01.22 ~ 2025.01.28,금융시스템/위기,-26.960271994108556,-34.82267728343992,3,2025-01-22,2025-01-28
2025014,2025.01.22 ~ 2025.01.28,투자철학/대가,-6.657440634006033,-26.618868867896722,6,2025-01-22,2025-01-28
2025021,2025.01.29 ~ 2025.02.04,부동산/실물자산,0.6201380941678282,-13.253557303125254,187,2025-01-29,2025-02-04
2025021,2025.01.29 ~ 2025.02.04,기업경영/리더십,21.245588326363546,-5.6925142488159,312,2025-01-29,2025-02-04
2025021,2025.01.29 ~ 2025.02.04,주식투자/트레이딩,25.9476856574743,-4.384137612902206,279,2025-01-29,2025-02-04
2025021,2025.01.29 ~ 2025.02.04,테크/스타트업,27.899675366786223,5.274238121613852,228,2025-01-29,2025-02-04
2025021,2025.01.29 ~ 2025.02.04,재테크/개인금융,55.73654069515809,17.418957303387053,23,2025-01-29,2025-02-04
2025021,2025.01.29 ~ 2025.02.04,거시경제/금융정책,47.935292807077026,5.4021945700839815,141,2025-01-29,2025-02-04
2025021,2025.01.29 ~ 2025.02.04,지정학/국제정세,105.25179518967929,32.33768277079177,148,2025-01-29,2025-02-04
2025021,2025.01.29 ~ 2025.02.04,경제이론/학술,-9.191865526574059,-15.98190275099354,16,2025-01-29,2025-02-04
2025021,2025.01.29 ~ 2025.02.04,미분류,6.869395690124831,-18.885217862367657,47,2025-01-29,2025-02-04
2025021,2025.01.29 ~ 2025.02.04,금융시스템/위기,72.14074798379853,22.590237994844983,9,2025-01-29,2025-02-04
2025021,2025.01.29 ~ 2025.02.04,투자철학/대가,84.2104584070951,38.77650888654453,17,2025-01-29,2025-02-04
2025022,2025.02.05 ~ 2025.02.11,부동산/실물자산,6.018554249888937,3.319346172028386,193,2025-02-05,2025-02-11
2025022,2025.02.05 ~ 2025.02.11,기업경영/리더십,1.606396893406505,11.425992609885025,279,2025-02-05,2025-02-11
2025022,2025.02.05 ~ 2025.02.11,주식투자/트레이딩,10.98767341918663,18.467679538330465,293,2025-02-05,2025-02-11
2025022,2025.02.05 ~ 2025.02.11,테크/스타트업,13.508258629286718,20.70396699803647,231,2025-02-05,2025-02-11
2025022,2025.02.05 ~ 2025.02.11,재테크/개인금융,36.7296244265947,46.2330825608764,29,2025-02-05,2025-02-11
2025022,2025.02.05 ~ 2025.02.11,거시경제/금융정책,-23.775271306510664,12.080010750283181,80,2025-02-05,2025-02-11
2025022,2025.02.05 ~ 2025.02.11,지정학/국제정세,3.6224253785415232,54.4371102841104,122,2025-02-05,2025-02-11
2025022,2025.02.05 ~ 2025.02.11,경제이론/학술,9.945580581919259,0.3768575276725965,18,2025-02-05,2025-02-11
2025022,2025.02.05 ~ 2025.02.11,미분류,34.99196803083004,20.930681860477435,71,2025-02-05,2025-02-11
2025022,2025.02.05 ~ 2025.02.11,금융시스템/위기,-58.5134258395581,6.813661072120208,1,2025-02-05,2025-02-11
2025022,2025.02.05 ~ 2025.02.11,투자철학/대가,-30.482414625052563,26.86402189102127,7,2025-02-05,2025-02-11
2025023,2025.02.12 ~ 2025.02.18,부동산/실물자산,3.0575381075781096,4.538046178733527,193,2025-02-12,2025-02-18
2025023,2025.02.12 ~ 2025.02.18,기업경영/리더십,-11.308764973659676,-4.8511840401265856,227,2025-02-12,2025-02-18
2025023,2025.02.12 ~ 2025.02.18,주식투자/트레이딩,-13.46990538895148,-1.2411159848824251,220,2025-02-12,2025-02-18
2025023,2025.02.12 ~ 2025.02.18,테크/스타트업,-26.385226858950013,-6.438484114831647,138,2025-02-12,2025-02-18
2025023,2025.02.12 ~ 2025.02.18,재테크/개인금융,-33.845286019342126,1.4421692036262854,13,2025-02-12,2025-02-18
2025023,2025.02.12 ~ 2025.02.18,거시경제/금융정책,-26.4094420660611,-25.092356686285882,56,2025-02-12,2025-02-18
2025023,2025.02.12 ~ 2025.02.18,지정학/국제정세,-25.726319996671837,-11.051947309065156,74,2025-02-12,2025-02-18
2025023,2025.02.12 ~ 2025.02.18,경제이론/학술,-34.18565731751271,-12.120038367796727,9,2025-02-12,2025-02-18
2025023,2025.02.12 ~ 2025.02.18,미분류,-36.96840708553897,-0.9882195273544667,30,2025-02-12,2025-02-18
2025023,2025.02.12 ~ 2025.02.18,금융시스템/위기,31.221546187709627,-13.645939825924245,3,2025-02-12,2025-02-18
2025023,2025.02.12 ~ 2025.02.18,투자철학/대가,-9.861193028221209,-20.171803826636886,7,2025-02-12,2025-02-18
2025024,2025.02.19 ~ 2025.02.25,부동산/실물자산,-15.260018342964072,-6.101240117692978,153,2025-02-19,2025-02-25
2025024,2025.02.19 ~ 2025.02.25,기업경영/리더십,-10.021408365554189,-10.665086669606932,213,2025-02-19,2025-02-25
2025024,2025.02.19 ~ 2025.02.25,주식투자/트레이딩,-18.334338949989142,-15.90212216947031,181,2025-02-19,2025-02-25
2025024,2025.02.19 ~ 2025.02.25,테크/스타트업,9.53180958784914,-8.426708635550437,181,2025-02-19,2025-02-25
2025024,2025.02.19 ~ 2025.02.25,재테크/개인금융,4.238567410891664,-14.803359304225232,17,2025-02-19,2025-02-25
2025024,2025.02.19 ~ 2025.02.25,거시경제/금융정책,7.220127726360167,-9.594657169850466,75,2025-02-19,2025-02-25
2025024,2025.02.19 ~ 2025.02.25,지정학/국제정세,-1.9413850607857739,-13.833852528728803,86,2025-02-19,2025-02-25
2025024,2025.02.19 ~ 2025.02.25,경제이론/학술,-6.4423417780806655,-20.31399954779669,10,2025-02-19,2025-02-25
2025024,2025.02.19 ~ 2025.02.25,미분류,14.428423361457005,-11.269991862040982,44,2025-02-19,2025-02-25
2025024,2025.02.19 ~ 2025.02.25,금융시스템/위기,-26.001829550235016,2.609858318737299,2,2025-02-19,2025-02-25
2025024,2025.02.19 ~ 2025.02.25,투자철학/대가,44.60270115469832,17.370754063238557,14,2025-02-19,2025-02-25
2025031,2025.02.26 ~ 2025.03.04,부동산/실물자산,120.77485337002575,52.75741751353085,469,2025-02-26,2025-03-04
2025031,2025.02.26 ~ 2025.03.04,기업경영/리더십,140.1678182754104,65.07320495492812,724,2025-02-26,2025-03-04
2025031,2025.02.26 ~ 2025.03.04,주식투자/트레이딩,139.7192461694677,60.69245360973929,632,2025-02-26,2025-03-04
2025031,2025.02.26 ~ 2025.03.04,테크/스타트업,98.11164247559395,53.821726031721546,458,2025-02-26,2025-03-04
2025031,2025.02.26 ~ 2025.03.04,재테크/개인금융,63.96157105245783,34.100069231674745,36,2025-02-26,2025-03-04
2025031,2025.02.26 ~ 2025.03.04,거시경제/금융정책,81.21280935005215,44.21646853820616,166,2025-02-26,2025-03-04
2025031,2025.02.26 ~ 2025.03.04,지정학/국제정세,107.07212742111014,52.56537118016218,239,2025-02-26,2025-03-04
2025031,2025.02.26 ~ 2025.03.04,경제이론/학술,94.0501094932054,43.80388385756236,28,2025-02-26,2025-03-04
2025031,2025.02.26 ~ 2025.03.04,미분류,87.28571845148497,50.85707090647099,107,2025-02-26,2025-03-04
2025031,2025.02.26 ~ 2025.03.04,금융시스템/위기,190.16186802795355,82.08001923885925,16,2025-02-26,2025-03-04
2025031,2025.02.26 ~ 2025.03.04,투자철학/대가,115.44927536231884,80.02598825850859,37,2025-02-26,2025-03-04
2025032,2025.03.05 ~ 2025.03.11,부동산/실물자산,-79.16592950142606,20.80446193429985,13,2025-03-05,2025-03-11
2025032,2025.03.05 ~ 2025.03.11,기업경영/리더십,-74.69343754392112,32.737190365744645,40,2025-03-05,2025-03-11
2025032,2025.03.05 ~ 2025.03.11,주식투자/트레이딩,-76.32475368154107,31.69724624396332,30,2025-03-05,2025-03-11
2025032,2025.03.05 ~ 2025.03.11,테크/스타트업,-80.12878556732389,8.991428454135033,9,2025-03-05,2025-03-11
2025032,2025.03.05 ~ 2025.03.11,재테크/개인금융,-76.21527286803769,-6.12685090778993,1,2025-03-05,2025-03-11
2025032,2025.03.05 ~ 2025.03.11,거시경제/금융정책,-76.00014605523369,2.6063316474092417,8,2025-03-05,2025-03-11
2025032,2025.03.05 ~ 2025.03.11,지정학/국제정세,-75.73800547894865,15.667060971080744,11,2025-03-05,2025-03-11
2025032,2025.03.05 ~ 2025.03.11,경제이론/학술,-78.2855928401943,7.882258326505543,0,2025-03-05,2025-03-11
2025032,2025.03.05 ~ 2025.03.11,미분류,-73.18227905636357,7.051719697560699,7,2025-03-05,2025-03-11
2025032,2025.03.05 ~ 2025.03.11,금융시스템/위기,-73.48511353386424,58.338377247044654,0,2025-03-05,2025-03-11
2025032,2025.03.05 ~ 2025.03.11,투자철학/대가,-71.63982087314875,21.904727244585047,2,2025-03-05,2025-03-11
2025033,2025.03.12 ~ 2025.03.18,부동산/실물자산,119.1343461258944,19.984208312234173,205,2025-03-12,2025-03-18
2025033,2025.03.12 ~ 2025.03.18,기업경영/리더십,109.9266227212194,17.61659258864914,229,2025-03-12,2025-03-18
2025033,2025.03.12 ~ 2025.03.18,주식투자/트레이딩,115.6216449756852,19.648445647072066,244,2025-03-12,2025-03-18
2025033,2025.03.12 ~ 2025.03.18,테크/스타트업,103.37525278344636,11.623233608061234,117,2025-03-12,2025-03-18
2025033,2025.03.12 ~ 2025.03.18,재테크/개인금융,134.79180681783984,29.288266974901077,28,2025-03-12,2025-03-18
2025033,2025.03.12 ~ 2025.03.18,거시경제/금융정책,116.80266175394765,20.401257849356988,75,2025-03-12,2025-03-18
2025033,2025.03.12 ~ 2025.03.18,지정학/국제정세,114.50227973258156,19.382137126816453,93,2025-03-12,2025-03-18
2025033,2025.03.12 ~ 2025.03.18,경제이론/학술,130.53323056728652,26.123818863546106,18,2025-03-12,2025-03-18
2025033,2025.03.12 ~ 2025.03.18,미분류,119.15208011834696,22.984900530991695,51,2025-03-12,2025-03-18
2025033,2025.03.12 ~ 2025.03.18,금융시스템/위기,110.47731058962188,18.49609852787882,4,2025-03-12,2025-03-18
2025033,2025.03.12 ~ 2025.03.18,투자철학/대가,118.37018744522544,23.365183286038345,16,2025-03-12,2025-03-18
2025034,2025.03.19 ~ 2025.03.25,부동산/실물자산,62.05412816177674,90.59423714383557,407,2025-03-19,2025-03-25
2025034,2025.03.19 ~ 2025.03.25,기업경영/리더십,57.27941360427431,83.60301816274685,478,2025-03-19,2025-03-25
2025034,2025.03.19 ~ 2025.03.25,주식투자/트레이딩,70.11850484136502,92.87007490852511,535,2025-03-19,2025-03-25
2025034,2025.03.19 ~ 2025.03.25,테크/스타트업,93.30006043932494,98.33765661138565,332,2025-03-19,2025-03-25
2025034,2025.03.19 ~ 2025.03.25,재테크/개인금융,34.3279921365047,84.55989947717227,38,2025-03-19,2025-03-25
2025034,2025.03.19 ~ 2025.03.25,거시경제/금융정책,52.98810006453399,84.89538090924083,139,2025-03-19,2025-03-25
2025034,2025.03.19 ~ 2025.03.25,지정학/국제정세,52.05953165809482,83.28090569533819,177,2025-03-19,2025-03-25
2025034,2025.03.19 ~ 2025.03.25,경제이론/학술,59.2116149334085,94.87242275034751,33,2025-03-19,2025-03-25
2025034,2025.03.19 ~ 2025.03.25,미분류,40.15100588720816,79.65154300277756,83,2025-03-19,2025-03-25
2025034,2025.03.19 ~ 2025.03.25,금융시스템/위기,26.458003299080723,68.4676569443513,7,2025-03-19,2025-03-25
2025034,2025.03.19 ~ 2025.03.25,투자철학/대가,71.717031039506,95.04360924236572,35,2025-03-19,2025-03-25
2025035,2025.03.26 ~ 2025.04.01,부동산/실물자산,-36.684207121526335,12.684960520125209,144,2025-03-26,2025-04-01
2025035,2025.03.26 ~ 2025.04.01,기업경영/리더십,-22.639546593020864,17.31993350562672,234,2025-03-26,2025-04-01
2025035,2025.03.26 ~ 2025.04.01,주식투자/트레이딩,-33.46146873675149,18.328518052306766,203,2025-03-26,2025-04-01
2025035,2025.03.26 ~ 2025.04.01,테크/스타트업,-43.19671092286007,25.051674758232434,93,2025-03-26,2025-04-01
2025035,2025.03.26 ~ 2025.04.01,재테크/개인금융,-40.204260378316484,-2.938134120905893,13,2025-03-26,2025-04-01
2025035,2025.03.26 ~ 2025.04.01,거시경제/금융정책,-37.08368386390205,7.952208100315975,50,2025-03-26,2025-04-01
2025035,2025.03.26 ~ 2025.04.01,지정학/국제정세,-23.926226811977237,14.066652423058791,85,2025-03-26,2025-04-01
2025035,2025.03.26 ~ 2025.04.01,경제이론/학술,-44.70309121082845,7.254261861290026,9,2025-03-26,2025-04-01
2025035,2025.03.26 ~ 2025.04.01,미분류,-36.8994738439941,1.6257660216070278,31,2025-03-26,2025-04-01
2025035,2025.03.26 ~ 2025.04.01,금융시스템/위기,-25.222898256734815,0.6175525211729536,3,2025-03-26,2025-04-01
2025035,2025.03.26 ~ 2025.04.01,투자철학/대가,-28.90740711396126,21.40481196277237,14,2025-03-26,2025-04-01
2025041,2025.04.02 ~ 2025.04.08,부동산/실물자산,50.50046980657477,6.908131342524225,301,2025-04-02,2025-04-08
2025041,2025.04.02 ~ 2025.04.08,기업경영/리더십,30.289382006458467,3.824917706718802,374,2025-04-02,2025-04-08
2025041,2025.04.02 ~ 2025.04.08,주식투자/트레이딩,71.64503059438593,19.09178092881722,488,2025-04-02,2025-04-08
2025041,2025.04.02 ~ 2025.04.08,테크/스타트업,66.68569742860348,11.744493252871703,230,2025-04-02,2025-04-08
2025041,2025.04.02 ~ 2025.04.08,재테크/개인금융,89.09974368135357,24.447741651518545,39,2025-04-02,2025-04-08
2025041,2025.04.02 ~ 2025.04.08,거시경제/금융정책,112.58198192431618,37.74914903020707,163,2025-04-02,2025-04-08
2025041,2025.04.02 ~ 2025.04.08,지정학/국제정세,164.7517730496454,70.41277311883408,346,2025-04-02,2025-04-08
2025041,2025.04.02 ~ 2025.04.08,경제이론/학술,55.250310905616814,5.273609847394184,22,2025-04-02,2025-04-08
2025041,2025.04.02 ~ 2025.04.08,미분류,89.19072960664816,26.14562788132703,88,2025-04-02,2025-04-08
2025041,2025.04.02 ~ 2025.04.08,금융시스템/위기,67.03882973573243,20.90796573949881,8,2025-04-02,2025-04-08
2025041,2025.04.02 ~ 2025.04.08,투자철학/대가,7.205913029580635,-10.850747042190312,18,2025-04-02,2025-04-08
2025042,2025.04.09 ~ 2025.04.15,부동산/실물자산,-41.9542206771918,4.273124564691493,132,2025-04-09,2025-04-15
2025042,2025.04.09 ~ 2025.04.15,기업경영/리더십,-37.523789613566215,-3.617203803553874,186,2025-04-09,2025-04-15
2025042,2025.04.09 ~ 2025.04.15,주식투자/트레이딩,-45.17029618526287,13.23736720456153,183,2025-04-09,2025-04-15
2025042,2025.04.09 ~ 2025.04.15,테크/스타트업,-37.51070277988278,14.58749732436035,114,2025-04-09,2025-04-15
2025042,2025.04.09 ~ 2025.04.15,재테크/개인금융,-48.745141217837165,20.177301231758204,12,2025-04-09,2025-04-15
2025042,2025.04.09 ~ 2025.04.15,거시경제/금융정책,-48.68278326890338,31.94959932770641,50,2025-04-09,2025-04-15
2025042,2025.04.09 ~ 2025.04.15,지정학/국제정세,-27.165480377011168,68.79314633631712,158,2025-04-09,2025-04-15
2025042,2025.04.09 ~ 2025.04.15,경제이론/학술,-28.872600687992207,13.188855108812303,13,2025-04-09,2025-04-15
2025042,2025.04.09 ~ 2025.04.15,미분류,-41.966878946889075,23.611925329879544,34,2025-04-09,2025-04-15
2025042,2025.04.09 ~ 2025.04.15,금융시스템/위기,-37.4006760345126,14.819076850609918,3,2025-04-09,2025-04-15
2025042,2025.04.09 ~ 2025.04.15,투자철학/대가,-64.98461225243373,-28.88934961142655,3,2025-04-09,2025-04-15
2025043,2025.04.16 ~ 2025.04.22,부동산/실물자산,-13.767342918545078,-27.86078179786843,127,2025-04-16,2025-04-22
2025043,2025.04.16 ~ 2025.04.22,기업경영/리더십,-11.580398417192153,-24.552094015379183,183,2025-04-16,2025-04-22
2025043,2025.04.16 ~ 2025.04.22,주식투자/트레이딩,-8.020683444214615,-26.59548981473874,198,2025-04-16,2025-04-22
2025043,2025.04.16 ~ 2025.04.22,테크/스타트업,-9.262993229848428,-23.386848004865602,112,2025-04-16,2025-04-22
2025043,2025.04.16 ~ 2025.04.22,재테크/개인금융,22.532470656440644,-13.10633528069826,20,2025-04-16,2025-04-22
2025043,2025.04.16 ~ 2025.04.22,거시경제/금융정책,-4.371718030891904,-26.527250649897635,59,2025-04-16,2025-04-22
2025043,2025.04.16 ~ 2025.04.22,지정학/국제정세,-31.32143657570795,-29.243458476359557,100,2025-04-16,2025-04-22
2025043,2025.04.16 ~ 2025.04.22,경제이론/학술,5.770983251892469,-11.550808718049868,15,2025-04-16,2025-04-22
2025043,2025.04.16 ~ 2025.04.22,미분류,5.04895136921323,-18.458963788837924,43,2025-04-16,2025-04-22
2025043,2025.04.16 ~ 2025.04.22,금융시스템/위기,-44.90941581449545,-41.15504592450402,1,2025-04-16,2025-04-22
2025043,2025.04.16 ~ 2025.04.22,투자철학/대가,52.73943226464926,-6.1225899938922375,9,2025-04-16,2025-04-22
2025044,2025.04.23 ~ 2025.04.29,부동산/실물자산,51.83559333224673,19.034125206850835,257,2025-04-23,2025-04-29
2025044,2025.04.23 ~ 2025.04.29,기업경영/리더십,56.66047687016047,22.540039226484158,376,2025-04-23,2025-04-29
2025044,2025.04.23 ~ 2025.04.29,주식투자/트레이딩,27.885396370883015,9.9323564633342,319,2025-04-23,2025-04-29
2025044,2025.04.23 ~ 2025.04.29,테크/스타트업,47.62973700866849,19.183371889410033,214,2025-04-23,2025-04-29
2025044,2025.04.23 ~ 2025.04.29,재테크/개인금융,30.506230160521476,26.51935040848106,31,2025-04-23,2025-04-29
2025044,2025.04.23 ~ 2025.04.29,거시경제/금융정책,25.890964952014404,10.759623460561258,95,2025-04-23,2025-04-29
2025044,2025.04.23 ~ 2025.04.29,지정학/국제정세,19.996177312799645,-5.662629631454152,162,2025-04-23,2025-04-29
2025044,2025.04.23 ~ 2025.04.29,경제이론/학술,-26.319534760536804,-10.274275754322167,10,2025-04-23,2025-04-29
2025044,2025.04.23 ~ 2025.04.29,미분류,27.606803510805577,16.327877440009402,66,2025-04-23,2025-04-29
2025044,2025.04.23 ~ 2025.04.29,금융시스템/위기,32.905756714025415,-6.001829550235019,3,2025-04-23,2025-04-29
2025044,2025.04.23 ~ 2025.04.29,투자철학/대가,37.11140935447684,44.92542080956305,15,2025-04-23,2025-04-29
2025051,2025.04.30 ~ 2025.05.06,부동산/실물자산,-23.49245081546082,14.171571258392962,144,2025-04-30,2025-05-06
2025051,2025.04.30 ~ 2025.05.06,기업경영/리더십,-37.3306863392996,9.664895265430435,154,2025-04-30,2025-05-06
2025051,2025.04.30 ~ 2025.05.06,주식투자/트레이딩,-38.70934179416688,-5.411972711641933,135,2025-04-30,2025-05-06
2025051,2025.04.30 ~ 2025.05.06,테크/스타트업,-39.71275538726565,3.95849081070142,85,2025-04-30,2025-05-06
2025051,2025.04.30 ~ 2025.05.06,재테크/개인금융,-29.734626562208312,0.38580179915658164,15,2025-04-30,2025-05-06
2025051,2025.04.30 ~ 2025.05.06,거시경제/금융정책,-10.898586318433193,7.496189316790614,69,2025-04-30,2025-05-06
2025051,2025.04.30 ~ 2025.05.06,지정학/국제정세,-32.30356539804996,-6.153694042625158,85,2025-04-30,2025-05-06
2025051,2025.04.30 ~ 2025.05.06,경제이론/학술,-1.3084936971889618,-13.814014228862883,11,2025-04-30,2025-05-06
2025051,2025.04.30 ~ 2025.05.06,미분류,-26.45931780136227,0.5737428547216528,36,2025-04-30,2025-05-06
2025051,2025.04.30 ~ 2025.05.06,금융시스템/위기,4.935831901995341,18.92079430801038,3,2025-04-30,2025-05-06
2025051,2025.04.30 ~ 2025.05.06,투자철학/대가,-21.414226222936694,7.848591565770073,8,2025-04-30,2025-05-06
2025052,2025.05.07 ~ 2025.05.13,부동산/실물자산,71.60941010802699,24.058479646283093,322,2025-05-07,2025-05-13
2025052,2025.05.07 ~ 2025.05.13,기업경영/리더십,159.36659662689772,61.01795514379906,642,2025-05-07,2025-05-13
2025052,2025.05.07 ~ 2025.05.13,주식투자/트레이딩,108.27473740184391,34.782697803838516,420,2025-05-07,2025-05-13
2025052,2025.05.07 ~ 2025.05.13,테크/스타트업,107.66748313745511,33.977363875094724,265,2025-05-07,2025-05-13
2025052,2025.05.07 ~ 2025.05.13,재테크/개인금융,55.65454962135425,12.959961529572968,32,2025-05-07,2025-05-13
2025052,2025.05.07 ~ 2025.05.13,거시경제/금융정책,64.2418434465212,26.671628564044013,140,2025-05-07,2025-05-13
2025052,2025.05.07 ~ 2025.05.13,지정학/국제정세,64.20684908046813,15.951641841209085,185,2025-05-07,2025-05-13
2025052,2025.05.07 ~ 2025.05.13,경제이론/학술,114.58110356527558,56.63630493404331,34,2025-05-07,2025-05-13
2025052,2025.05.07 ~ 2025.05.13,미분류,94.34851369200942,33.94459794532357,98,2025-05-07,2025-05-13
2025052,2025.05.07 ~ 2025.05.13,금융시스템/위기,130.38654252188877,67.66118721194206,11,2025-05-07,2025-05-13
2025052,2025.05.07 ~ 2025.05.13,투자철학/대가,35.28977598463029,6.937774880846797,14,2025-05-07,2025-05-13
2025053,2025.05.14 ~ 2025.05.20,부동산/실물자산,19.97627459622611,45.792842352126556,358,2025-05-14,2025-05-20
2025053,2025.05.14 ~ 2025.05.20,기업경영/리더십,-0.7250966000814185,79.32075001340814,486,2025-05-14,2025-05-20
2025053,2025.05.14 ~ 2025.05.20,주식투자/트레이딩,22.378698833962268,65.32671811790308,466,2025-05-14,2025-05-20
2025053,2025.05.14 ~ 2025.05.20,테크/스타트업,22.992477168726946,65.32998015309103,301,2025-05-14,2025-05-20
2025053,2025.05.14 ~ 2025.05.20,재테크/개인금융,32.559871628784485,44.10721062506937,43,2025-05-14,2025-05-20
2025053,2025.05.14 ~ 2025.05.20,거시경제/금융정책,23.128947148481366,43.68539529750129,159,2025-05-14,2025-05-20
2025053,2025.05.14 ~ 2025.05.20,지정학/국제정세,-8.613763106643683,27.796542986912225,142,2025-05-14,2025-05-20
2025053,2025.05.14 ~ 2025.05.20,경제이론/학술,-24.7347226694312,44.923190447922195,16,2025-05-14,2025-05-20
2025053,2025.05.14 ~ 2025.05.20,미분류,-13.982664805750646,40.18292444312939,64,2025-05-14,2025-05-20
2025053,2025.05.14 ~ 2025.05.20,금융시스템/위기,55.726663592749105,93.05660305731895,16,2025-05-14,2025-05-20
2025053,2025.05.14 ~ 2025.05.20,투자철학/대가,28.50678637127799,31.89828117795414,19,2025-05-14,2025-05-20
2025054,2025.05.21 ~ 2025.05.27,부동산/실물자산,-50.72274332374099,-15.373234363757433,108,2025-05-21,2025-05-27
2025054,2025.05.21 ~ 2025.05.27,기업경영/리더십,-51.287090158445864,-26.006093379263643,154,2025-05-21,2025-05-27
2025054,2025.05.21 ~ 2025.05.27,주식투자/트레이딩,-45.16706221537673,-11.394181690707232,163,2025-05-21,2025-05-27
2025054,2025.05.21 ~ 2025.05.27,테크/스타트업,-42.39527299234449,-9.701397911808762,113,2025-05-21,2025-05-27
2025054,2025.05.21 ~ 2025.05.27,재테크/개인금융,-42.92244567976562,-5.181287025490569,15,2025-05-21,2025-05-27
2025054,2025.05.21 ~ 2025.05.27,거시경제/금융정책,-49.75594736367787,-13.313500107598244,49,2025-05-21,2025-05-27
2025054,2025.05.21 ~ 2025.05.27,지정학/국제정세,-49.57972695238241,-29.096745029513045,50,2025-05-21,2025-05-27
2025054,2025.05.21 ~ 2025.05.27,경제이론/학술,13.006289339046106,-5.864216665192547,21,2025-05-21,2025-05-27
2025054,2025.05.21 ~ 2025.05.27,미분류,-34.506929465298725,-24.244797135524685,35,2025-05-21,2025-05-27
2025054,2025.05.21 ~ 2025.05.27,금융시스템/위기,-47.474582718308575,4.126040437220279,4,2025-05-21,2025-05-27
2025054,2025.05.21 ~ 2025.05.27,투자철학/대가,-66.08494965254405,-18.789081640633032,2,2025-05-21,2025-05-27
2025055,2025.05.28 ~ 2025.06.03,부동산/실물자산,30.268397693080683,-10.227172815330144,208,2025-05-28,2025-06-03
2025055,2025.05.28 ~ 2025.06.03,기업경영/리더십,20.548028241964417,-15.369530958240723,278,2025-05-28,2025-06-03
2025055,2025.05.28 ~ 2025.06.03,주식투자/트레이딩,19.58597537421253,-12.7905434205821,272,2025-05-28,2025-06-03
2025055,2025.05.28 ~ 2025.06.03,테크/스타트업,25.158462755943553,-8.61840511820046,196,2025-05-28,2025-06-03
2025055,2025.05.28 ~ 2025.06.03,재테크/개인금융,12.969424649691533,-14.976510515037045,23,2025-05-28,2025-06-03
2025055,2025.05.28 ~ 2025.06.03,거시경제/금융정책,46.096298021016565,-1.8298246713306447,108,2025-05-28,2025-06-03
2025055,2025.05.28 ~ 2025.06.03,지정학/국제정세,96.42715283720342,23.423712942410507,161,2025-05-28,2025-06-03
2025055,2025.05.28 ~ 2025.06.03,경제이론/학술,-3.0219824347797046,4.9921534521332,21,2025-05-28,2025-06-03
2025055,2025.05.28 ~ 2025.06.03,미분류,14.238747828742826,-10.13409081827795,53,2025-05-28,2025-06-03
2025055,2025.05.28 ~ 2025.06.03,금융시스템/위기,-31.936348549132482,-39.705465633720515,3,2025-05-28,2025-06-03
2025055,2025.05.28 ~ 2025.06.03,투자철학/대가,120.92061888879473,27.41783461812534,12,2025-05-28,2025-06-03
2025061,2025.06.04 ~ 2025.06.10,부동산/실물자산,-29.75542646893694,0.25648561207187903,131,2025-06-04,2025-06-10
2025061,2025.06.04 ~ 2025.06.10,기업경영/리더십,-45.36567060073707,-12.408821179386326,121,2025-06-04,2025-06-10
2025061,2025.06.04 ~ 2025.06.10,주식투자/트레이딩,-30.142371323923935,-5.278197974855702,172,2025-06-04,2025-06-10
2025061,2025.06.04 ~ 2025.06.10,테크/스타트업,-38.73939290669083,-6.790465075373632,99,2025-06-04,2025-06-10
2025061,2025.06.04 ~ 2025.06.10,재테크/개인금융,-65.14873593550296,-26.08965564290571,4,2025-06-04,2025-06-10
2025061,2025.06.04 ~ 2025.06.10,거시경제/금융정책,-45.15430558225535,0.4709962193806163,44,2025-06-04,2025-06-10
2025061,2025.06.04 ~ 2025.06.10,지정학/국제정세,-43.83217430054861,26.297489268327407,58,2025-06-04,2025-06-10
2025061,2025.06.04 ~ 2025.06.10,경제이론/학술,-25.55353564139093,-14.287759038085317,13,2025-06-04,2025-06-10
2025061,2025.06.04 ~ 2025.06.10,미분류,-37.822095793608604,-11.79167398243289,26,2025-06-04,2025-06-10
2025061,2025.06.04 ~ 2025.06.10,금융시스템/위기,-34.713263307040826,-33.32480592808664,2,2025-06-04,2025-06-10
2025061,2025.06.04 ~ 2025.06.10,투자철학/대가,-33.73913413430419,43.59074237724528,6,2025-06-04,2025-06-10
2025062,2025.06.11 ~ 2025.06.17,부동산/실물자산,32.75035828773941,1.4974659094012424,205,2025-06-11,2025-06-17
2025062,2025.06.11 ~ 2025.06.17,기업경영/리더십,35.44620812097494,-4.959731239881066,216,2025-06-11,2025-06-17
2025062,2025.06.11 ~ 2025.06.17,주식투자/트레이딩,30.036120357103872,-0.05312548341003165,265,2025-06-11,2025-06-17
2025062,2025.06.11 ~ 2025.06.17,테크/스타트업,34.53019763012562,-2.1045976382825984,169,2025-06-11,2025-06-17
2025062,2025.06.11 ~ 2025.06.17,재테크/개인금융,137.42965029534946,36.14045717992325,24,2025-06-11,2025-06-17
2025062,2025.06.11 ~ 2025.06.17,거시경제/금융정책,32.055344670746535,-6.549480455754399,76,2025-06-11,2025-06-17
2025062,2025.06.11 ~ 2025.06.17,지정학/국제정세,62.52997668203481,9.3489011907431,131,2025-06-11,2025-06-17
2025062,2025.06.11 ~ 2025.06.17,경제이론/학술,13.63279766685364,-5.9603689872686445,18,2025-06-11,2025-06-17
2025062,2025.06.11 ~ 2025.06.17,미분류,44.152055110106545,3.1649796582489707,50,2025-06-11,2025-06-17
2025062,2025.06.11 ~ 2025.06.17,금융시스템/위기,163.1138152491615,64.20027597106035,11,2025-06-11,2025-06-17
2025062,2025.06.11 ~ 2025.06.17,투자철학/대가,43.32147451454643,4.791170190121122,11,2025-06-11,2025-06-17
2025063,2025.06.18 ~ 2025.06.24,부동산/실물자산,-9.940440400081455,11.404958943828984,168,2025-06-18,2025-06-24
2025063,2025.06.18 ~ 2025.06.24,기업경영/리더십,-20.226446581710803,7.609880769632067,155,2025-06-18,2025-06-24
2025063,2025.06.18 ~ 2025.06.24,주식투자/트레이딩,-25.753973311657845,2.1410735227230138,166,2025-06-18,2025-06-24
2025063,2025.06.18 ~ 2025.06.24,테크/스타트업,-14.158460383029848,10.185868623547893,132,2025-06-18,2025-06-24
2025063,2025.06.18 ~ 2025.06.24,재테크/개인금융,4.603238298072883,71.01644429671117,22,2025-06-18,2025-06-24
2025063,2025.06.18 ~ 2025.06.24,거시경제/금융정책,-5.000080930784305,13.527631869981121,71,2025-06-18,2025-06-24
2025063,2025.06.18 ~ 2025.06.24,지정학/국제정세,-40.35565424891255,11.087161216561128,58,2025-06-18,2025-06-24
2025063,2025.06.18 ~ 2025.06.24,경제이론/학술,-6.862709302680992,3.3850441820863244,16,2025-06-18,2025-06-24
2025063,2025.06.18 ~ 2025.06.24,미분류,-15.263993093769349,14.444031008168597,37,2025-06-18,2025-06-24
2025063,2025.06.18 ~ 2025.06.24,금융시스템/위기,-21.405386546927406,70.85421435111705,5,2025-06-18,2025-06-24
2025063,2025.06.18 ~ 2025.06.24,투자철학/대가,-29.27282524939065,7.0243246325778905,6,2025-06-18,2025-06-24
2025064,2025.06.25 ~ 2025.07.01,부동산/실물자산,54.360869880988986,22.21021474045377,305,2025-06-25,2025-07-01
2025064,2025.06.25 ~ 2025.07.01,기업경영/리더십,42.3909592881996,11.0822563532444,261,2025-06-25,2025-07-01
2025064,2025.06.25 ~ 2025.07.01,주식투자/트레이딩,35.870600565013675,5.058313626677915,274,2025-06-25,2025-07-01
2025064,2025.06.25 ~ 2025.07.01,테크/스타트업,9.993143720129325,-2.0826583314502543,153,2025-06-25,2025-07-01
2025064,2025.06.25 ~ 2025.07.01,재테크/개인금융,1.6624123950780345,3.1328253465754585,20,2025-06-25,2025-07-01
2025064,2025.06.25 ~ 2025.07.01,거시경제/금융정책,11.041235269658094,3.0205771694369012,79,2025-06-25,2025-07-01
2025064,2025.06.25 ~ 2025.07.01,지정학/국제정세,47.68871271255876,3.6665292318231053,113,2025-06-25,2025-07-01
2025064,2025.06.25 ~ 2025.07.01,경제이론/학술,59.52711626230221,26.33220347981061,31,2025-06-25,2025-07-01
2025064,2025.06.25 ~ 2025.07.01,미분류,33.137691617151454,8.936849261691052,56,2025-06-25,2025-07-01
2025064,2025.06.25 ~ 2025.07.01,금융시스템/위기,-16.18935607704479,-18.797371311986083,4,2025-06-25,2025-07-01
2025064,2025.06.25 ~ 2025.07.01,투자철학/대가,47.75535278235216,9.241263766480756,12,2025-06-25,2025-07-01
2025071,2025.07.02 ~ 2025.07.08,부동산/실물자산,21.49925426597917,37.93006207348409,345,2025-07-02,2025-07-08
2025071,2025.07.02 ~ 2025.07.08,기업경영/리더십,43.352753217854605,42.871856253027104,396,2025-07-02,2025-07-08
2025071,2025.07.02 ~ 2025.07.08,주식투자/트레이딩,29.19203860397438,32.53131958449403,366,2025-07-02,2025-07-08
2025071,2025.07.02 ~ 2025.07.08,테크/스타트업,42.173120200276486,26.083131960202913,248,2025-07-02,2025-07-08
2025071,2025.07.02 ~ 2025.07.08,재테크/개인금융,66.10199030547088,33.88220135027446,42,2025-07-02,2025-07-08
2025071,2025.07.02 ~ 2025.07.08,거시경제/금융정책,43.89674250677213,27.46898888821512,128,2025-07-02,2025-07-08
2025071,2025.07.02 ~ 2025.07.08,지정학/국제정세,33.2895081881505,40.48911045035463,160,2025-07-02,2025-07-08
2025071,2025.07.02 ~ 2025.07.08,경제이론/학술,25.166238269174784,42.34667726573849,36,2025-07-02,2025-07-08
2025071,2025.07.02 ~ 2025.07.08,미분류,39.584438968238494,36.361065292694974,83,2025-07-02,2025-07-08
2025071,2025.07.02 ~ 2025.07.08,금융시스템/위기,96.62742305506501,40.21903348901012,13,2025-07-02,2025-07-08
2025071,2025.07.02 ~ 2025.07.08,투자철학/대가,84.60784914376046,66.18160096305631,27,2025-07-02,2025-07-08
2025072,2025.07.09 ~ 2025.07.15,부동산/실물자산,-23.240980884882948,-0.870863309451881,208,2025-07-09,2025-07-15
2025072,2025.07.09 ~ 2025.07.15,기업경영/리더십,-32.699032803545016,5.326860207154795,184,2025-07-09,2025-07-15
2025072,2025.07.09 ~ 2025.07.15,주식투자/트레이딩,-14.047318988507485,7.572359807733449,254,2025-07-09,2025-07-15
2025072,2025.07.09 ~ 2025.07.15,테크/스타트업,-23.353029938519935,9.410045130878283,144,2025-07-09,2025-07-15
2025072,2025.07.09 ~ 2025.07.15,재테크/개인금융,-22.930912180877858,21.58553906229651,23,2025-07-09,2025-07-15
2025072,2025.07.09 ~ 2025.07.15,거시경제/금융정책,-21.943139330327558,10.976801588222292,76,2025-07-09,2025-07-15
2025072,2025.07.09 ~ 2025.07.15,지정학/국제정세,-35.14423820068905,-0.9273650062692766,70,2025-07-09,2025-07-15
2025072,2025.07.09 ~ 2025.07.15,경제이론/학술,-18.537087581120346,3.3145753440272188,23,2025-07-09,2025-07-15
2025072,2025.07.09 ~ 2025.07.15,미분류,-11.688015204422749,13.948211881907874,58,2025-07-09,2025-07-15
2025072,2025.07.09 ~ 2025.07.15,금융시스템/위기,15.48004812996328,56.05373559251416,12,2025-07-09,2025-07-15
2025072,2025.07.09 ~ 2025.07.15,투자철학/대가,-34.80570480249255,24.901072170633956,10,2025-07-09,2025-07-15
2025073,2025.07.16 ~ 2025.07.22,부동산/실물자산,-35.28822994154672,-29.264605413214824,129,2025-07-16,2025-07-22
2025073,2025.07.16 ~ 2025.07.22,기업경영/리더십,-23.62567562671058,-28.1623542151278,152,2025-07-16,2025-07-22
2025073,2025.07.16 ~ 2025.07.22,주식투자/트레이딩,-23.212163666072897,-18.62974132729019,189,2025-07-16,2025-07-22
2025073,2025.07.16 ~ 2025.07.22,테크/스타트업,-23.23079292229194,-23.291911430405932,111,2025-07-16,2025-07-22
2025073,2025.07.16 ~ 2025.07.22,재테크/개인금융,-32.79104920685748,-27.860980693867667,14,2025-07-16,2025-07-22
2025073,2025.07.16 ~ 2025.07.22,거시경제/금융정책,-41.22712838042852,-31.585133855378032,39,2025-07-16,2025-07-22
2025073,2025.07.16 ~ 2025.07.22,지정학/국제정세,-31.12975265278207,-33.13699542673556,51,2025-07-16,2025-07-22
2025073,2025.07.16 ~ 2025.07.22,경제이론/학술,-46.06312450412655,-32.30010604262345,10,2025-07-16,2025-07-22
2025073,2025.07.16 ~ 2025.07.22,미분류,-41.50338130434578,-26.595698254384263,28,2025-07-16,2025-07-22
2025073,2025.07.16 ~ 2025.07.22,금융시스템/위기,-50.692983726820295,-17.606467798428493,3,2025-07-16,2025-07-22
2025073,2025.07.16 ~ 2025.07.22,투자철학/대가,-24.503473041691713,-29.65458892209213,8,2025-07-16,2025-07-22
2025074,2025.07.23 ~ 2025.07.29,부동산/실물자산,28.726852514945367,-3.280688713300668,223,2025-07-23,2025-07-29
2025074,2025.07.23 ~ 2025.07.29,기업경영/리더십,36.58469839214089,6.479511382715156,277,2025-07-23,2025-07-29
2025074,2025.07.23 ~ 2025.07.29,주식투자/트레이딩,13.082065057982524,-5.0650493040451865,258,2025-07-23,2025-07-29
2025074,2025.07.23 ~ 2025.07.29,테크/스타트업,25.607274026809964,1.1882405522590194,178,2025-07-23,2025-07-29
2025074,2025.07.23 ~ 2025.07.29,재테크/개인금융,8.356627082538816,-12.217211062159333,20,2025-07-23,2025-07-29
2025074,2025.07.23 ~ 2025.07.29,거시경제/금융정책,46.15903982088678,2.4659557202291396,84,2025-07-23,2025-07-29
2025074,2025.07.23 ~ 2025.07.29,지정학/국제정세,48.38272659581169,8.626486971514812,108,2025-07-23,2025-07-29
2025074,2025.07.23 ~ 2025.07.29,경제이론/학술,27.524707656189364,-9.269208423968593,19,2025-07-23,2025-07-29
2025074,2025.07.23 ~ 2025.07.29,미분류,40.83473096970241,-0.3343251673216834,57,2025-07-23,2025-07-29
2025074,2025.07.23 ~ 2025.07.29,금융시스템/위기,-37.14734038614833,-43.9201620564843,2,2025-07-23,2025-07-29
2025074,2025.07.23 ~ 2025.07.29,투자철학/대가,5.226236419308335,-9.638618311191689,11,2025-07-23,2025-07-29
2025081,2025.07.30 ~ 2025.08.05,부동산/실물자산,25.717019767402505,27.22193614117394,283,2025-07-30,2025-08-05
2025081,2025.07.30 ~ 2025.08.05,기업경영/리더십,81.16923068574195,58.87696453894142,566,2025-07-30,2025-08-05
2025081,2025.07.30 ~ 2025.08.05,주식투자/트레이딩,73.7581556764919,43.42011036723721,529,2025-07-30,2025-08-05
2025081,2025.07.30 ~ 2025.08.05,테크/스타트업,48.990924093522125,37.29909906016605,285,2025-07-30,2025-08-05
2025081,2025.07.30 ~ 2025.08.05,재테크/개인금융,50.37491628037074,29.365771681454778,35,2025-07-30,2025-08-05
2025081,2025.07.30 ~ 2025.08.05,거시경제/금융정책,45.60817705368479,45.8836084372858,129,2025-07-30,2025-08-05
2025081,2025.07.30 ~ 2025.08.05,지정학/국제정세,105.70954628670167,77.04613644125668,262,2025-07-30,2025-08-05
2025081,2025.07.30 ~ 2025.08.05,경제이론/학술,91.74339941074668,59.63405353346802,46,2025-07-30,2025-08-05
2025081,2025.07.30 ~ 2025.08.05,미분류,58.4041581802295,49.619444574965954,100,2025-07-30,2025-08-05
2025081,2025.07.30 ~ 2025.08.05,금융시스템/위기,91.30938676491016,27.081023189380925,8,2025-07-30,2025-08-05
2025081,2025.07.30 ~ 2025.08.05,투자철학/대가,21.686939105197666,13.456587762253001,14,2025-07-30,2025-08-05
2025082,2025.08.06 ~ 2025.08.12,부동산/실물자산,48.718999338153345,37.218009552777936,429,2025-08-06,2025-08-12
2025082,2025.08.06 ~ 2025.08.12,기업경영/리더십,34.22540621804793,57.697318451894944,660,2025-08-06,2025-08-12
2025082,2025.08.06 ~ 2025.08.12,주식투자/트레이딩,35.19833386903536,54.47824477276363,633,2025-08-06,2025-08-12
2025082,2025.08.06 ~ 2025.08.12,테크/스타트업,52.62834821128509,50.80963615240361,429,2025-08-06,2025-08-12
2025082,2025.08.06 ~ 2025.08.12,재테크/개인금융,58.730003250466225,54.55245976541848,56,2025-08-06,2025-08-12
2025082,2025.08.06 ~ 2025.08.12,거시경제/금융정책,9.52425263933775,27.56621484651128,119,2025-08-06,2025-08-12
2025082,2025.08.06 ~ 2025.08.12,지정학/국제정세,45.5580090877299,75.63377768721578,327,2025-08-06,2025-08-12
2025082,2025.08.06 ~ 2025.08.12,경제이론/학술,56.95231107850331,74.347855244625,66,2025-08-06,2025-08-12
2025082,2025.08.06 ~ 2025.08.12,미분류,6.612624524023612,32.50839135212656,85,2025-08-06,2025-08-12
2025082,2025.08.06 ~ 2025.08.12,금융시스템/위기,-31.000676034512598,30.154355365198796,3,2025-08-06,2025-08-12
2025082,2025.08.06 ~ 2025.08.12,투자철학/대가,50.813728013929484,36.25033355956357,23,2025-08-06,2025-08-12
2025083,2025.08.13 ~ 2025.08.19,부동산/실물자산,-23.35481891813368,12.682090210009843,244,2025-08-13,2025-08-19
2025083,2025.08.13 ~ 2025.08.19,기업경영/리더십,-26.107848442553852,4.058778887747039,362,2025-08-13,2025-08-19
2025083,2025.08.13 ~ 2025.08.19,주식투자/트레이딩,-24.027823538703554,5.585255165165902,358,2025-08-13,2025-08-19
2025083,2025.08.13 ~ 2025.08.19,테크/스타트업,-26.270698361975295,13.178824924654906,224,2025-08-13,2025-08-19
2025083,2025.08.13 ~ 2025.08.19,재테크/개인금융,-40.63900114661011,9.045501051928056,20,2025-08-13,2025-08-19
2025083,2025.08.13 ~ 2025.08.19,거시경제/금융정책,-23.291796176377737,-6.883771768519983,78,2025-08-13,2025-08-19
2025083,2025.08.13 ~ 2025.08.19,지정학/국제정세,-53.76832876412095,-4.105159838195526,81,2025-08-13,2025-08-19
2025083,2025.08.13 ~ 2025.08.19,경제이론/학술,-35.99563631650286,10.478337381000223,26,2025-08-13,2025-08-19
2025083,2025.08.13 ~ 2025.08.19,미분류,-28.686431216751878,-11.036903346364133,50,2025-08-13,2025-08-19
2025083,2025.08.13 ~ 2025.08.19,금융시스템/위기,-26.001829550235016,-28.50125279237379,2,2025-08-13,2025-08-19
2025083,2025.08.13 ~ 2025.08.19,투자철학/대가,-6.907554015265147,21.953086999332168,17,2025-08-13,2025-08-19
2025084,2025.08.20 ~ 2025.08.26,부동산/실물자산,-45.80719488439024,-34.58100690126195,113,2025-08-20,2025-08-26
2025084,2025.08.20 ~ 2025.08.26,기업경영/리더십,-52.81841835050094,-39.4631333965274,140,2025-08-20,2025-08-26
2025084,2025.08.20 ~ 2025.08.26,주식투자/트레이딩,-53.37544097378248,-38.701632256243016,135,2025-08-20,2025-08-26
2025084,2025.08.20 ~ 2025.08.26,테크/스타트업,-46.006382356267785,-36.138540359121535,106,2025-08-20,2025-08-26
2025084,2025.08.20 ~ 2025.08.26,재테크/개인금융,-33.91594034642461,-37.277470746517366,14,2025-08-20,2025-08-26
2025084,2025.08.20 ~ 2025.08.26,거시경제/금융정책,-42.183235000250136,-32.737515588313926,41,2025-08-20,2025-08-26
2025084,2025.08.20 ~ 2025.08.26,지정학/국제정세,-48.811431532881365,-51.289880148501155,45,2025-08-20,2025-08-26
2025084,2025.08.20 ~ 2025.08.26,경제이론/학술,-58.682726092492636,-47.33918120449775,8,2025-08-20,2025-08-26
2025084,2025.08.20 ~ 2025.08.26,미분류,-52.51065594985394,-40.59854358330291,20,2025-08-20,2025-08-26
2025084,2025.08.20 ~ 2025.08.26,금융시스템/위기,4.554879521042959,-10.723475014596014,3,2025-08-20,2025-08-26
2025084,2025.08.20 ~ 2025.08.26,투자철학/대가,-34.491081831536476,-20.699317923400812,9,2025-08-20,2025-08-26
2025085,2025.08.27 ~ 2025.09.02,부동산/실물자산,-9.816017123264011,-27.811606003827116,135,2025-08-27,2025-09-02
2025085,2025.08.27 ~ 2025.09.02,기업경영/리더십,50.58401413835121,-1.117202106074867,332,2025-08-27,2025-09-02
2025085,2025.08.27 ~ 2025.09.02,주식투자/트레이딩,-6.986779758302259,-30.18111036604237,177,2025-08-27,2025-09-02
2025085,2025.08.27 ~ 2025.09.02,테크/스타트업,-10.143164095119932,-28.074773225693853,127,2025-08-27,2025-09-02
2025085,2025.08.27 ~ 2025.09.02,재테크/개인금융,-2.73097097786559,-18.3234556621451,18,2025-08-27,2025-09-02
2025085,2025.08.27 ~ 2025.09.02,거시경제/금융정책,13.799728458964415,-14.191753270642849,63,2025-08-27,2025-09-02
2025085,2025.08.27 ~ 2025.09.02,지정학/국제정세,1.3028274951412189,-23.754302018870074,69,2025-08-27,2025-09-02
2025085,2025.08.27 ~ 2025.09.02,경제이론/학술,0.49277360491831546,-29.094976243787162,13,2025-08-27,2025-09-02
2025085,2025.08.27 ~ 2025.09.02,미분류,-31.502795322894727,-42.006725636374334,17,2025-08-27,2025-09-02
2025085,2025.08.27 ~ 2025.09.02,금융시스템/위기,19.70807982039111,12.131479670717049,4,2025-08-27,2025-09-02
2025085,2025.08.27 ~ 2025.09.02,투자철학/대가,-27.747371890009827,-31.119226860773153,7,2025-08-27,2025-09-02
2025091,2025.09.03 ~ 2025.09.09,부동산/실물자산,124.1820160875867,57.18299948216136,428,2025-09-03,2025-09-09
2025091,2025.09.03 ~ 2025.09.09,기업경영/리더십,44.167606417100004,47.375810277725606,509,2025-09-03,2025-09-09
2025091,2025.09.03 ~ 2025.09.09,주식투자/트레이딩,115.26396581093613,54.13859302631693,537,2025-09-03,2025-09-09
2025091,2025.09.03 ~ 2025.09.09,테크/스타트업,108.34165425082702,49.09924507785355,365,2025-09-03,2025-09-09
2025091,2025.09.03 ~ 2025.09.09,재테크/개인금융,134.90668981171854,66.08785941692648,59,2025-09-03,2025-09-09
2025091,2025.09.03 ~ 2025.09.09,거시경제/금융정책,78.58410931843797,46.1919188887012,139,2025-09-03,2025-09-09
2025091,2025.09.03 ~ 2025.09.09,지정학/국제정세,70.72904989126984,36.01593869320553,143,2025-09-03,2025-09-09
2025091,2025.09.03 ~ 2025.09.09,경제이론/학술,96.29554861400237,48.39416110946034,36,2025-09-03,2025-09-09
2025091,2025.09.03 ~ 2025.09.09,미분류,173.593340785616,71.04527273136063,113,2025-09-03,2025-09-09
2025091,2025.09.03 ~ 2025.09.09,금융시스템/위기,6.766903349802876,13.237491585097008,4,2025-09-03,2025-09-09
2025091,2025.09.03 ~ 2025.09.09,투자철학/대가,120.39730636213694,46.32496723606356,25,2025-09-03,2025-09-09
2025092,2025.09.10 ~ 2025.09.16,부동산/실물자산,-67.45562622291219,28.363194932337272,47,2025-09-10,2025-09-16
2025092,2025.09.10 ~ 2025.09.16,기업경영/리더십,-72.05659194134084,-13.944492762120419,43,2025-09-10,2025-09-16
2025092,2025.09.10 ~ 2025.09.16,주식투자/트레이딩,-61.436103575961944,26.913931117487092,84,2025-09-10,2025-09-16
2025092,2025.09.10 ~ 2025.09.16,테크/스타트업,-62.82939482165549,22.75612971458577,54,2025-09-10,2025-09-16
2025092,2025.09.10 ~ 2025.09.16,재테크/개인금융,-78.21781061705431,28.344439597332112,1,2025-09-10,2025-09-16
2025092,2025.09.10 ~ 2025.09.16,거시경제/금융정책,-72.74893701474093,2.917586151848532,10,2025-09-10,2025-09-16
2025092,2025.09.10 ~ 2025.09.16,지정학/국제정세,-66.01886508610991,2.355092402579963,18,2025-09-10,2025-09-16
2025092,2025.09.10 ~ 2025.09.16,경제이론/학술,-64.49601104330661,15.89976878534788,4,2025-09-10,2025-09-16
2025092,2025.09.10 ~ 2025.09.16,미분류,-57.74508442955277,57.92412817803161,18,2025-09-10,2025-09-16
2025092,2025.09.10 ~ 2025.09.16,금융시스템/위기,-45.751521077653344,-19.492308863925217,1,2025-09-10,2025-09-16
2025092,2025.09.10 ~ 2025.09.16,투자철학/대가,-72.50767287126689,23.944816745435027,1,2025-09-10,2025-09-16
2025093,2025.09.17 ~ 2025.09.23,부동산/실물자산,-79.94993983756403,-73.7027830302381,2,2025-09-17,2025-09-23
2025093,2025.09.17 ~ 2025.09.23,기업경영/리더십,-80.59976668500023,-76.32817931317054,1,2025-09-17,2025-09-23
2025093,2025.09.17 ~ 2025.09.23,주식투자/트레이딩,-82.62992222238832,-72.03301289917513,0,2025-09-17,2025-09-23
2025093,2025.09.17 ~ 2025.09.23,테크/스타트업,-81.12725024203465,-71.97832253184507,1,2025-09-17,2025-09-23
2025093,2025.09.17 ~ 2025.09.23,재테크/개인금융,-61.071139094839474,-69.6444748559469,0,2025-09-17,2025-09-23
2025093,2025.09.17 ~ 2025.09.23,거시경제/금융정책,-78.74286714728119,-75.74590208101105,0,2025-09-17,2025-09-23
2025093,2025.09.17 ~ 2025.09.23,지정학/국제정세,-79.87421289598792,-72.94653899104893,0,2025-09-17,2025-09-23
2025093,2025.09.17 ~ 2025.09.23,경제이론/학술,-71.99514054312301,-68.24557579321481,0,2025-09-17,2025-09-23
2025093,2025.09.17 ~ 2025.09.23,미분류,-76.90573673047855,-67.32541058001564,1,2025-09-17,2025-09-23
2025093,2025.09.17 ~ 2025.09.23,금융시스템/위기,-49.930362402642515,-47.84094174014791,0,2025-09-17,2025-09-23
2025093,2025.09.17 ~ 2025.09.23,투자철학/대가,-58.46019544032562,-65.48393415579625,0,2025-09-17,2025-09-23
2025094,2025.09.24 ~ 2025.09.30,부동산/실물자산,110.21864728819627,15.134353725316132,117,2025-09-24,2025-09-30
2025094,2025.09.24 ~ 2025.09.30,기업경영/리더십,106.39971662206852,12.899974968534146,117,2025-09-24,2025-09-30
2025094,2025.09.24 ~ 2025.09.30,주식투자/트레이딩,108.27134550338003,12.820711640495858,142,2025-09-24,2025-09-30
2025094,2025.09.24 ~ 2025.09.30,테크/스타트업,113.72222378787153,16.29748677291844,117,2025-09-24,2025-09-30
2025094,2025.09.24 ~ 2025.09.30,재테크/개인금융,116.53267594431793,27.730768424739225,18,2025-09-24,2025-09-30
2025094,2025.09.24 ~ 2025.09.30,거시경제/금융정책,109.57052182074618,15.41382733673251,36,2025-09-24,2025-09-30
2025094,2025.09.24 ~ 2025.09.30,지정학/국제정세,114.79180150814149,17.458794306076783,47,2025-09-24,2025-09-30
2025094,2025.09.24 ~ 2025.09.30,경제이론/학술,113.73781848119869,20.871338969037836,11,2025-09-24,2025-09-30
2025094,2025.09.24 ~ 2025.09.30,미분류,110.26606952694777,16.680166398234633,32,2025-09-24,2025-09-30
2025094,2025.09.24 ~ 2025.09.30,금융시스템/위기,30.24847892234666,-9.840941740147914,1,2025-09-24,2025-09-30
2025094,2025.09.24 ~ 2025.09.30,투자철학/대가,113.51388937125144,27.52684696546291,7,2025-09-24,2025-09-30
2025101,2025.10.01 ~ 2025.10.07,부동산/실물자산,38.31573314457252,74.2671902163844,138,2025-10-01,2025-10-07
2025101,2025.10.01 ~ 2025.10.07,기업경영/리더십,28.704438886303,67.55207775418576,122,2025-10-01,2025-10-07
2025101,2025.10.01 ~ 2025.10.07,주식투자/트레이딩,43.21102417695493,75.74118484016749,186,2025-10-01,2025-10-07
2025101,2025.10.01 ~ 2025.10.07,테크/스타트업,45.30463376100704,79.51342877443929,151,2025-10-01,2025-10-07
2025101,2025.10.01 ~ 2025.10.07,재테크/개인금융,24.716805993783634,70.62474096905078,16,2025-10-01,2025-10-07
2025101,2025.10.01 ~ 2025.10.07,거시경제/금융정책,51.676657478427984,80.6235896495871,48,2025-10-01,2025-10-07
2025101,2025.10.01 ~ 2025.10.07,지정학/국제정세,31.336616752931945,73.06420913053671,51,2025-10-01,2025-10-07
2025101,2025.10.01 ~ 2025.10.07,경제이론/학술,59.71830156797529,86.728060024587,17,2025-10-01,2025-10-07
2025101,2025.10.01 ~ 2025.10.07,미분류,9.6287226222237,59.947396074585754,28,2025-10-01,2025-10-07
2025101,2025.10.01 ~ 2025.10.07,금융시스템/위기,38.73501255502814,34.49174573868741,2,2025-10-01,2025-10-07
2025101,2025.10.01 ~ 2025.10.07,투자철학/대가,4.903078857291877,59.208484114271656,5,2025-10-01,2025-10-07
2025102,2025.10.08 ~ 2025.10.14,부동산/실물자산,27.40498316291543,32.86035815374399,161,2025-10-08,2025-10-14
2025102,2025.10.08 ~ 2025.10.14,기업경영/리더십,45.07955195008572,36.89199541819436,178,2025-10-08,2025-10-14
2025102,2025.10.08 ~ 2025.10.14,주식투자/트레이딩,26.695995618922275,34.95350989793861,210,2025-10-08,2025-10-14
2025102,2025.10.08 ~ 2025.10.14,테크/스타트업,33.91388968045017,39.609261720728604,185,2025-10-08,2025-10-14
2025102,2025.10.08 ~ 2025.10.14,재테크/개인금융,-4.367156305918293,10.17482484393267,13,2025-10-08,2025-10-14
2025102,2025.10.08 ~ 2025.10.14,거시경제/금융정책,37.864155609396605,44.77040654391231,62,2025-10-08,2025-10-14
2025102,2025.10.08 ~ 2025.10.14,지정학/국제정세,64.28674436250508,47.81168055771851,89,2025-10-08,2025-10-14
2025102,2025.10.08 ~ 2025.10.14,경제이론/학술,-4.861393933631475,27.428453817171906,12,2025-10-08,2025-10-14
2025102,2025.10.08 ~ 2025.10.14,미분류,8.466066131156794,9.04739437669026,28,2025-10-08,2025-10-14
2025102,2025.10.08 ~ 2025.10.14,금융시스템/위기,59.10201921433051,48.91851588467934,4,2025-10-08,2025-10-14
2025102,2025.10.08 ~ 2025.10.14,투자철학/대가,4.146776336283475,4.524927596787676,5,2025-10-08,2025-10-14
2025103,2025.10.15 ~ 2025.10.21,부동산/실물자산,42.73186900670164,35.06842608480855,250,2025-10-15,2025-10-21
2025103,2025.10.15 ~ 2025.10.21,기업경영/리더십,31.814548274077147,38.44705011208144,240,2025-10-15,2025-10-21
2025103,2025.10.15 ~ 2025.10.21,주식투자/트레이딩,34.636598750242854,30.66629718458257,300,2025-10-15,2025-10-21
2025103,2025.10.15 ~ 2025.10.21,테크/스타트업,14.81885058520237,24.36637013282627,206,2025-10-15,2025-10-21
2025103,2025.10.15 ~ 2025.10.21,재테크/개인금융,-11.209052568540972,-7.788104437229633,12,2025-10-15,2025-10-21
2025103,2025.10.15 ~ 2025.10.21,거시경제/금융정책,39.82891295249278,38.84653428094471,91,2025-10-15,2025-10-21
2025103,2025.10.15 ~ 2025.10.21,지정학/국제정세,4.133916191832443,34.21033027716876,81,2025-10-15,2025-10-21
2025103,2025.10.15 ~ 2025.10.21,경제이론/학술,70.45336259756307,32.7959843319658,27,2025-10-15,2025-10-21
2025103,2025.10.15 ~ 2025.10.21,미분류,25.614002104275336,17.04003411771608,40,2025-10-15,2025-10-21
2025103,2025.10.15 ~ 2025.10.21,금융시스템/위기,56.27879182954668,57.690405521938615,7,2025-10-15,2025-10-21
2025103,2025.10.15 ~ 2025.10.21,투자철학/대가,126.2121022426664,65.17943928947494,18,2025-10-15,2025-10-21
2025104,2025.10.22 ~ 2025.10.28,부동산/실물자산,-81.42431909349561,-19.34622504339697,3,2025-10-22,2025-10-28
2025104,2025.10.22 ~ 2025.10.28,기업경영/리더십,-82.32786033296718,-25.25665602944502,0,2025-10-22,2025-10-28
2025104,2025.10.22 ~ 2025.10.28,주식투자/트레이딩,-82.1930609282144,-23.778231088985763,2,2025-10-22,2025-10-28
2025104,2025.10.22 ~ 2025.10.28,테크/스타트업,-81.68981086471909,-33.43548013975836,2,2025-10-22,2025-10-28
2025104,2025.10.22 ~ 2025.10.28,재테크/개인금융,-76.38987997455597,-43.79946627154847,0,2025-10-22,2025-10-28
2025104,2025.10.22 ~ 2025.10.28,거시경제/금융정책,-81.90470111081184,-21.03789407915952,0,2025-10-22,2025-10-28
2025104,2025.10.22 ~ 2025.10.28,지정학/국제정세,-80.2455568598901,-38.05582033402883,1,2025-10-22,2025-10-28
2025104,2025.10.22 ~ 2025.10.28,경제이론/학술,-78.70691999174457,-4.126778697090749,0,2025-10-22,2025-10-28
2025104,2025.10.22 ~ 2025.10.28,미분류,-72.95978251409237,-23.6728902049085,3,2025-10-22,2025-10-28
2025104,2025.10.22 ~ 2025.10.28,금융시스템/위기,-67.82629000445247,-5.7737490874528845,0,2025-10-22,2025-10-28
2025104,2025.10.22 ~ 2025.10.28,투자철학/대가,-75.6792566067552,25.2664228179556,0,2025-10-22,2025-10-28
2025111,2025.10.29 ~ 2025.11.04,부동산/실물자산,118.28936573175243,18.43252331912842,135,2025-10-29,2025-11-04
2025111,2025.10.29 ~ 2025.11.04,기업경영/리더십,132.56121949210154,25.116679579567176,209,2025-10-29,2025-11-04
2025111,2025.10.29 ~ 2025.11.04,주식투자/트레이딩,127.11097850462843,22.458958788207028,218,2025-10-29,2025-11-04
2025111,2025.10.29 ~ 2025.11.04,테크/스타트업,136.78611231359503,27.548150724437967,214,2025-10-29,2025-11-04
2025111,2025.10.29 ~ 2025.11.04,재테크/개인금융,134.7219334077282,29.16602671658611,14,2025-10-29,2025-11-04
2025111,2025.10.29 ~ 2025.11.04,거시경제/금융정책,131.63955013633725,24.86742451276271,74,2025-10-29,2025-11-04
2025111,2025.10.29 ~ 2025.11.04,지정학/국제정세,126.50635875941079,23.130400949760343,72,2025-10-29,2025-11-04
2025111,2025.10.29 ~ 2025.11.04,경제이론/학술,125.67173415058495,23.48240707942019,16,2025-10-29,2025-11-04
2025111,2025.10.29 ~ 2025.11.04,미분류,140.13341503554602,33.58681626072684,44,2025-10-29,2025-11-04
2025111,2025.10.29 ~ 2025.11.04,금융시스템/위기,18.24847892234666,-24.78890554105289,1,2025-10-29,2025-11-04
2025111,2025.10.29 ~ 2025.11.04,투자철학/대가,123.85054337576037,24.085643384502582,9,2025-10-29,2025-11-04
2025112,2025.11.05 ~ 2025.11.11,부동산/실물자산,22.5344572234151,70.41191147758377,178,2025-11-05,2025-11-11
2025112,2025.11.05 ~ 2025.11.11,기업경영/리더십,47.691485802287595,90.12635264719457,319,2025-11-05,2025-11-11
2025112,2025.11.05 ~ 2025.11.11,주식투자/트레이딩,74.98142643586534,101.0462024702469,437,2025-11-05,2025-11-11
2025112,2025.11.05 ~ 2025.11.11,테크/스타트업,36.55643493225137,86.6712736229232,277,2025-11-05,2025-11-11
2025112,2025.11.05 ~ 2025.11.11,재테크/개인금융,117.98183756123598,126.35188548448208,38,2025-11-05,2025-11-11
2025112,2025.11.05 ~ 2025.11.11,거시경제/금융정책,-6.77313116314513,62.43320948659608,59,2025-11-05,2025-11-11
2025112,2025.11.05 ~ 2025.11.11,지정학/국제정세,20.293103935984654,73.39973134769772,82,2025-11-05,2025-11-11
2025112,2025.11.05 ~ 2025.11.11,경제이론/학술,70.09049889028864,97.88111652043679,33,2025-11-05,2025-11-11
2025112,2025.11.05 ~ 2025.11.11,미분류,36.353030296551694,88.24322266604887,58,2025-11-05,2025-11-11
2025112,2025.11.05 ~ 2025.11.11,금융시스템/위기,153.65421435111705,85.95134663673187,8,2025-11-05,2025-11-11
2025112,2025.11.05 ~ 2025.11.11,투자철학/대가,13.607188800260717,68.72886608801055,11,2025-11-05,2025-11-11
2025113,2025.11.12 ~ 2025.11.18,부동산/실물자산,18.927581090074383,20.731019156744757,182,2025-11-12,2025-11-18
2025113,2025.11.12 ~ 2025.11.18,기업경영/리더십,21.84077275276284,34.766129277525216,324,2025-11-12,2025-11-18
2025113,2025.11.12 ~ 2025.11.18,주식투자/트레이딩,-6.649261004645979,34.16608271560969,279,2025-11-12,2025-11-18
2025113,2025.11.12 ~ 2025.11.18,테크/스타트업,8.540119577079139,22.548277254665255,242,2025-11-12,2025-11-18
2025113,2025.11.12 ~ 2025.11.18,재테크/개인금융,3.394289454839749,60.688063508037864,27,2025-11-12,2025-11-18
2025113,2025.11.12 ~ 2025.11.18,거시경제/금융정책,35.96804359965142,14.59745621825316,82,2025-11-12,2025-11-18
2025113,2025.11.12 ~ 2025.11.18,지정학/국제정세,-6.098213569377918,7.097445183303368,61,2025-11-12,2025-11-18
2025113,2025.11.12 ~ 2025.11.18,경제이론/학술,-33.72889244818881,18.180803221049917,12,2025-11-12,2025-11-18
2025113,2025.11.12 ~ 2025.11.18,미분류,10.166502622105519,23.25976645932862,53,2025-11-12,2025-11-18
2025113,2025.11.12 ~ 2025.11.18,금융시스템/위기,-35.93165411163852,58.86128011973928,2,2025-11-12,2025-11-18
2025113,2025.11.12 ~ 2025.11.18,투자철학/대가,8.080873557665072,10.844031178962894,10,2025-11-12,2025-11-18
2025114,2025.11.19 ~ 2025.11.25,부동산/실물자산,40.80743777496864,29.867509432521523,281,2025-11-19,2025-11-25
2025114,2025.11.19 ~ 2025.11.25,기업경영/리더십,35.04593922250715,28.443355987634998,462,2025-11-19,2025-11-25
2025114,2025.11.19 ~ 2025.11.25,주식투자/트레이딩,49.23397690943163,21.292357952392834,496,2025-11-19,2025-11-25
2025114,2025.11.19 ~ 2025.11.25,테크/스타트업,55.29368038363823,31.916899980358686,434,2025-11-19,2025-11-25
2025114,2025.11.19 ~ 2025.11.25,재테크/개인금융,36.82432403592068,20.109306745380216,41,2025-11-19,2025-11-25
2025114,2025.11.19 ~ 2025.11.25,거시경제/금융정책,53.78186411414123,44.87495385689634,141,2025-11-19,2025-11-25
2025114,2025.11.19 ~ 2025.11.25,지정학/국제정세,9.690134403249012,1.7959604169355465,75,2025-11-19,2025-11-25
2025114,2025.11.19 ~ 2025.11.25,경제이론/학술,47.12662245135419,6.698865001582689,25,2025-11-19,2025-11-25
2025114,2025.11.19 ~ 2025.11.25,미분류,17.046461085490172,13.60648185379786,65,2025-11-19,2025-11-25
2025114,2025.11.19 ~ 2025.11.25,금융시스템/위기,28.48000964495251,-3.725822233342992,4,2025-11-19,2025-11-25
2025114,2025.11.19 ~ 2025.11.25,투자철학/대가,60.669380367799455,34.37512696273226,20,2025-11-19,2025-11-25
2025115,2025.11.26 ~ 2025.12.02,부동산/실물자산,-70.25983019401897,-14.726196209525156,32,2025-11-26,2025-12-02
2025115,2025.11.26 ~ 2025.12.02,기업경영/리더십,-73.36538322644867,-19.159722001970756,39,2025-11-26,2025-12-02
2025115,2025.11.26 ~ 2025.12.02,주식투자/트레이딩,-73.42457769060381,-12.095300390586083,44,2025-11-26,2025-12-02
2025115,2025.11.26 ~ 2025.12.02,테크/스타트업,-71.35735073316022,-8.031835174760992,43,2025-11-26,2025-12-02
2025115,2025.11.26 ~ 2025.12.02,재테크/개인금융,-61.14448961858858,-12.160082791333949,8,2025-11-26,2025-12-02
2025115,2025.11.26 ~ 2025.12.02,거시경제/금융정책,-63.85720398988673,-5.037669937872735,22,2025-11-26,2025-12-02
2025115,2025.11.26 ~ 2025.12.02,지정학/국제정세,-75.14556252035412,-32.72771405855255,5,2025-11-26,2025-12-02
2025115,2025.11.26 ~ 2025.12.02,경제이론/학술,-71.57445933262466,-12.223918440635234,2,2025-11-26,2025-12-02
2025115,2025.11.26 ~ 2025.12.02,미분류,-74.11830840318993,-28.535923658849864,5,2025-11-26,2025-12-02
2025115,2025.11.26 ~ 2025.12.02,금융시스템/위기,-65.34916582144594,-18.4345780882467,0,2025-11-26,2025-12-02
2025115,2025.11.26 ~ 2025.12.02,투자철학/대가,-66.37066393825833,-2.850641785229442,2,2025-11-26,2025-12-02
2025121,2025.12.03 ~ 2025.12.09,부동산/실물자산,116.41154542897605,23.075857617478555,150,2025-12-03,2025-12-09
2025121,2025.12.03 ~ 2025.12.09,기업경영/리더십,113.39167291760539,20.01314484557836,222,2025-12-03,2025-12-09
2025121,2025.12.03 ~ 2025.12.09,주식투자/트레이딩,112.89876092643904,19.73709161791762,217,2025-12-03,2025-12-09
2025121,2025.12.03 ~ 2025.12.09,테크/스타트업,115.84808727240485,22.24536826962232,205,2025-12-03,2025-12-09
2025121,2025.12.03 ~ 2025.12.09,재테크/개인금융,5.078342323641062,-28.03307364747376,13,2025-12-03,2025-12-09
2025121,2025.12.03 ~ 2025.12.09,거시경제/금융정책,67.76274462675002,1.9527703184316607,65,2025-12-03,2025-12-09
2025121,2025.12.03 ~ 2025.12.09,지정학/국제정세,119.85478165209543,22.354609565870653,49,2025-12-03,2025-12-09
2025121,2025.12.03 ~ 2025.12.09,경제이론/학술,119.12525223739695,23.775396452386147,13,2025-12-03,2025-12-09
2025121,2025.12.03 ~ 2025.12.09,미분류,129.58572157076554,27.73370658378782,55,2025-12-03,2025-12-09
2025121,2025.12.03 ~ 2025.12.09,금융시스템/위기,136.85093696324824,35.75088557090117,4,2025-12-03,2025-12-09
2025121,2025.12.03 ~ 2025.12.09,투자철학/대가,104.5770372405295,19.103186651135587,10,2025-12-03,2025-12-09
2025122,2025.12.10 ~ 2025.12.16,부동산/실물자산,-82.65427190962365,16.87863675967622,0,2025-12-10,2025-12-16
2025122,2025.12.10 ~ 2025.12.16,기업경영/리더십,-80.75650255252698,16.317585182539204,4,2025-12-10,2025-12-16
2025122,2025.12.10 ~ 2025.12.16,주식투자/트레이딩,-82.90627579454822,14.996242565945415,0,2025-12-10,2025-12-16
2025122,2025.12.10 ~ 2025.12.16,테크/스타트업,-81.86523472795643,16.99142627222421,2,2025-12-10,2025-12-16
2025122,2025.12.10 ~ 2025.12.16,재테크/개인금융,-77.74097332564932,-36.33131550100413,0,2025-12-10,2025-12-16
2025122,2025.12.10 ~ 2025.12.16,거시경제/금융정책,-81.82425574591115,-7.030755559580548,0,2025-12-10,2025-12-16
2025122,2025.12.10 ~ 2025.12.16,지정학/국제정세,-76.65539934585608,21.599691153119664,2,2025-12-10,2025-12-16
2025122,2025.12.10 ~ 2025.12.16,경제이론/학술,-76.30865159347617,21.40830032196039,0,2025-12-10,2025-12-16
2025122,2025.12.10 ~ 2025.12.16,미분류,-81.31914679381156,24.133287388477008,0,2025-12-10,2025-12-16
2025122,2025.12.10 ~ 2025.12.16,금융시스템/위기,-60.904721377001486,37.97310779312339,0,2025-12-10,2025-12-16
2025122,2025.12.10 ~ 2025.12.16,투자철학/대가,-74.70371168384186,14.936662778343823,0,2025-12-10,2025-12-16
2025123,2025.12.17 ~ 2025.12.23,부동산/실물자산,159.03676997330555,38.19124903184097,181,2025-12-17,2025-12-23
2025123,2025.12.17 ~ 2025.12.23,기업경영/리더십,165.00889880197857,42.126198124725796,301,2025-12-17,2025-12-23
2025123,2025.12.17 ~ 2025.12.23,주식투자/트레이딩,163.6967251261049,40.39522466577834,287,2025-12-17,2025-12-23
2025123,2025.12.17 ~ 2025.12.23,테크/스타트업,150.6534520688041,34.39410867042384,198,2025-12-17,2025-12-23
2025123,2025.12.17 ~ 2025.12.23,재테크/개인금융,165.26843815206075,43.763732413205716,26,2025-12-17,2025-12-23
2025123,2025.12.17 ~ 2025.12.23,거시경제/금융정책,173.1927230525855,45.684233653337195,120,2025-12-17,2025-12-23
2025123,2025.12.17 ~ 2025.12.23,지정학/국제정세,153.62490504122025,38.484752847682074,51,2025-12-17,2025-12-23
2025123,2025.12.17 ~ 2025.12.23,경제이론/학술,172.03644699241426,47.86389769946904,23,2025-12-17,2025-12-23
2025123,2025.12.17 ~ 2025.12.23,미분류,151.60401835154346,35.142435778865966,50,2025-12-17,2025-12-23
2025123,2025.12.17 ~ 2025.12.23,금융시스템/위기,146.37474648705776,42.73501255502815,4,2025-12-17,2025-12-23
2025123,2025.12.17 ~ 2025.12.23,투자철학/대가,154.42201944901882,39.85915388258848,12,2025-12-17,2025-12-23
